,SECUCODE,SECURITY_CODE,TYPE,SECURITY_NAME_ABBR,CLOSE_PRICE,INDUSTRY,REGION,WEIGHT,EPS,BPS,ROE,TOTAL_SHARES,FREE_SHARES,FREE_CAP,f2,f3
0,688981.SH,688981,1,中芯国际,108.66,电子设备,境外,0.9,0.29,18.8847,1.5,79.88,19.88,2160.55,108.66,0.22
1,688599.SH,688599,1,天合光能,17.11,电气设备,常州市,0.09,-1.34,10.428,-11.66,21.79,21.79,372.89,17.11,0.18
2,688506.SH,688506,1,百利天恒,353.89,医药生物,成都市,0.12,-2.79,6.9798,-33.6,4.01,1.03,364.12,353.89,1.17
3,688472.SH,688472,1,阿特斯,12.28,电子设备,苏州市,0.07,0.2,6.3202,3.16,36.88,13.93,171.03,12.28,1.4
4,688396.SH,688396,1,华润微,49.4,电子设备,境外,0.11,0.2556,17.1042,1.5,13.28,13.28,655.8,49.4,0.28
5,688303.SH,688303,1,大全能源,30.11,电气设备,石河子市,0.08,-0.53,18.1865,-2.9,21.45,21.45,645.92,30.11,-1.28
6,688271.SH,688271,1,联影医疗,152.0,医药生物,上海市,0.31,1.21,25.2304,4.9,8.24,8.24,1252.72,152.0,0.6
7,688256.SH,688256,1,寒武纪,1440.0,电子设备,北京市,1.29,2.5,16.1477,17.31,4.18,4.18,6024.24,1440.0,-3.23
8,688223.SH,688223,1,晶科能源,5.5,电气设备,上饶市,0.09,-0.29,2.8328,-9.43,100.05,100.05,550.29,5.5,-3.34
9,688187.SH,688187,1,时代电气,48.65,交运设备,株洲市,0.05,1.21,29.9368,4.14,13.58,8.69,422.72,48.65,-0.75
10,688169.SH,688169,1,石头科技,202.68,机械设备,北京市,0.17,2.63,51.6842,5.14,2.59,2.59,525.16,202.68,2.88
11,688126.SH,688126,1,沪硅产业,21.0,电子设备,上海市,0.14,-0.133,4.2668,-3.05,27.47,27.32,573.65,21.0,-0.57
12,688111.SH,688111,1,金山办公,305.6,信息技术,北京市,0.3,1.62,25.1228,6.35,4.63,4.63,1415.48,305.6,-0.25
13,688082.SH,688082,1,盛美上海,147.46,电子设备,上海市,0.05,1.58,18.6728,8.62,4.41,4.36,643.08,147.46,-1.03
14,688047.SH,688047,1,龙芯中科,130.2,信息技术,北京市,0.09,-0.74,6.6192,-10.53,4.01,4.01,522.1,130.2,0.15
15,688041.SH,688041,1,海光信息,231.5,电子设备,天津市,0.85,0.52,9.0824,5.75,23.24,23.24,5380.84,231.5,5.22
16,688036.SH,688036,1,传音控股,88.8,电子设备,深圳市,0.16,1.06,17.3835,5.89,11.4,11.4,1012.63,88.8,2.83
17,688012.SH,688012,1,中微公司,215.1,电子设备,上海市,0.38,1.13,33.3305,3.49,6.26,6.26,1346.84,215.1,1.7
18,688009.SH,688009,1,中国通号,5.36,交运设备,北京市,0.06,0.15,4.2818,3.38,105.9,86.21,462.09,5.36,0.19
19,688008.SH,688008,1,澜起科技,117.16,电子设备,上海市,0.56,1.02,10.5818,9.7,11.45,11.45,1341.66,117.16,-0.88
20,605499.SH,605499,1,东鹏饮料,289.5,食品饮料,深圳市,0.26,4.5667,16.7988,28.18,5.2,5.2,1505.44,289.5,-1.8
21,605117.SH,605117,1,德业股份,73.02,家电,宁波市,0.11,1.68,10.3724,15.21,9.04,9.04,660.43,73.02,0.14
22,603993.SH,603993,1,洛阳钼业,13.35,有色金属,洛阳市,0.39,0.41,3.3863,11.7,213.94,174.61,2331.02,13.35,-0.52
23,603986.SH,603986,1,兆易创新,190.94,电子设备,北京市,0.53,0.87,25.9614,3.41,6.66,6.66,1271.66,190.94,0.38
24,603833.SH,603833,1,欧派家居,57.25,轻工制造,广州市,0.04,1.67,29.777,5.21,6.09,6.09,348.74,57.25,-0.62
25,603806.SH,603806,1,福斯特,16.55,电气设备,杭州市,0.07,0.19,6.025,3.02,26.09,26.09,431.75,16.55,0.0
26,603799.SH,603799,1,华友钴业,52.25,有色金属,嘉兴市,0.3,1.61,22.0923,7.05,17.02,16.86,881.12,52.25,-0.1
27,603501.SH,603501,1,豪威集团,138.56,电子设备,上海市,0.48,1.69,21.3281,8.01,12.06,12.06,1671.05,138.56,1.88
28,603392.SH,603392,1,万泰生物,59.07,医药生物,北京市,0.09,-0.11,9.5791,-1.18,12.65,12.65,747.31,59.07,-1.63
29,603369.SH,603369,1,今世缘,41.93,食品饮料,淮安市,0.13,1.7875,12.9831,13.45,12.47,12.47,522.78,41.93,-1.22
30,603296.SH,603296,1,华勤技术,89.85,电子设备,上海市,0.12,1.86,23.2267,8.08,10.16,5.72,513.6,89.85,-5.0
31,603288.SH,603288,1,海天味业,40.84,食品饮料,佛山市,0.28,0.7,6.7106,12.22,58.52,55.61,2270.95,40.84,0.47
32,603260.SH,603260,1,合盛硅业,52.28,有色金属,嘉兴市,0.08,-0.34,27.4635,-1.22,11.82,11.82,618.06,52.28,-0.78
33,603259.SH,603259,1,药明康德,107.0,医药生物,无锡市,1.1,3.01,20.859,13.93,29.52,24.73,2646.41,107.0,1.45
34,603195.SH,603195,1,公牛集团,46.4,电气设备,宁波市,0.05,1.14,8.1285,12.19,18.09,18.01,835.54,46.4,-0.19
35,603019.SH,603019,1,中科曙光,102.46,信息技术,天津市,0.6,0.5,14.2258,3.52,14.63,14.63,1498.69,102.46,4.58
36,601998.SH,601998,1,中信银行,7.75,金融,北京市,0.17,0.62,12.75,4.89,556.45,407.63,3159.13,7.75,-0.77
37,601995.SH,601995,1,中金公司,36.86,金融,北京市,0.18,0.81,19.8628,4.16,48.27,29.24,1077.62,36.86,-0.08
38,601988.SH,601988,1,中国银行,5.46,金融,北京市,0.33,0.36,8.1861,4.56,3222.12,2107.66,11507.8,5.46,-0.36
39,601985.SH,601985,1,中国核电,8.83,公用事业,北京市,0.3,0.275,5.5071,5.07,205.68,188.83,1667.39,8.83,0.34
40,601939.SH,601939,1,建设银行,9.04,金融,北京市,0.32,0.65,12.86,5.04,2616.0,95.94,867.27,9.04,-0.88
41,601919.SH,601919,1,中远海控,14.95,交通运输,天津市,0.39,1.12,14.9817,7.35,154.9,126.1,1885.19,14.95,-0.4
42,601916.SH,601916,1,浙商银行,3.07,金融,杭州市,0.19,0.28,6.38,4.34,274.65,215.44,661.41,3.07,-0.65
43,601901.SH,601901,1,方正证券,8.32,金融,长沙市,0.14,0.29,6.06,4.84,82.32,82.32,684.91,8.32,-0.95
44,601899.SH,601899,1,紫金矿业,25.5,有色金属,龙岩市,1.76,0.877,5.2852,16.11,265.78,205.88,5249.92,25.5,-0.58
45,601898.SH,601898,1,中煤能源,11.3,化石能源,北京市,0.08,0.58,11.7443,4.95,132.59,91.52,1034.18,11.3,1.62
46,601888.SH,601888,1,中国中免,69.94,商贸零售,北京市,0.29,1.2566,26.6807,4.65,20.69,19.52,1365.56,69.94,-0.65
47,601881.SH,601881,1,中国银河,17.2,金融,北京市,0.16,0.54,10.4539,5.16,109.34,72.43,1245.87,17.2,0.06
48,601878.SH,601878,1,浙商证券,11.72,金融,杭州市,0.13,0.25,7.8588,3.21,45.74,45.74,536.05,11.72,-0.34
49,601877.SH,601877,1,正泰电器,27.78,电气设备,温州市,0.12,1.19,19.957,5.91,21.49,21.49,596.98,27.78,-0.47
50,601872.SH,601872,1,招商轮船,8.97,交通运输,上海市,0.11,0.26,5.0109,5.28,80.75,80.75,724.29,8.97,7.17
51,601868.SH,601868,1,中国能建,2.44,建筑,北京市,0.13,0.06,2.6142,2.41,416.91,324.29,791.26,2.44,0.41
52,601865.SH,601865,1,福莱特,18.51,电气设备,嘉兴市,0.06,0.11,9.1199,1.2,23.43,19.01,351.88,18.51,0.05
53,601857.SH,601857,1,中国石油,8.77,化石能源,北京市,0.41,0.46,8.5012,5.4,1830.21,1619.22,14200.57,8.77,0.92
54,601838.SH,601838,1,成都银行,18.07,金融,成都市,0.19,1.57,19.47,7.94,42.38,42.31,764.55,18.07,-0.93
55,601825.SH,601825,1,沪农商行,8.56,金融,上海市,0.21,0.73,13.15,5.56,96.44,93.74,802.45,8.56,-1.38
56,601818.SH,601818,1,光大银行,3.61,金融,北京市,0.28,0.38,8.2868,4.57,590.86,464.07,1675.29,3.61,-0.55
57,601816.SH,601816,1,京沪高铁,5.25,交通运输,北京市,0.64,0.1289,4.134,3.09,489.26,489.26,2568.6,5.25,-0.57
58,601808.SH,601808,1,中海油服,13.84,化石能源,天津市,0.03,0.41,9.3682,4.4,47.72,29.6,409.73,13.84,0.07
59,601800.SH,601800,1,中国交建,8.94,建筑,北京市,0.13,0.56,17.8879,3.22,162.79,117.78,1052.99,8.94,-0.33
60,601799.SH,601799,1,星宇股份,123.88,交运设备,常州市,0.07,2.4895,37.2331,6.79,2.86,2.86,353.9,123.88,1.55
61,601788.SH,601788,1,光大证券,19.04,金融,上海市,0.16,0.32,12.936,2.5,46.11,39.07,743.84,19.04,-0.99
62,601766.SH,601766,1,中国中车,7.68,交运设备,北京市,0.39,0.25,5.9214,4.2,286.99,243.28,1868.37,7.68,-0.65
63,601728.SH,601728,1,中国电信,7.13,信息技术,北京市,0.47,0.25,5.102,5.0,915.07,776.3,5535.0,7.13,-1.38
64,601699.SH,601699,1,潞安环能,13.74,化石能源,长治市,0.07,0.45,15.5285,2.88,29.91,29.91,411.02,13.74,3.54
65,601698.SH,601698,1,中国卫通,21.54,信息技术,北京市,0.08,0.0427,3.729,1.15,42.24,42.24,909.93,21.54,-2.53
66,601689.SH,601689,1,拓普集团,71.68,交运设备,宁波市,0.24,0.75,12.9915,6.02,17.38,17.38,1245.68,71.68,6.75
67,601688.SH,601688,1,华泰证券,20.56,金融,南京市,0.44,0.8,18.481,4.3,90.27,73.07,1502.27,20.56,-1.06
68,601669.SH,601669,1,中国电建,5.76,建筑,北京市,0.2,0.2924,8.3543,3.57,172.26,130.72,752.92,5.76,1.05
69,601668.SH,601668,1,中国建筑,5.57,建筑,北京市,0.48,0.73,11.47,6.44,413.2,413.2,2301.55,5.57,0.0
70,601658.SH,601658,1,邮储银行,6.22,金融,北京市,0.29,0.43,8.23,5.46,1200.95,671.22,4175.01,6.22,-0.32
71,601633.SH,601633,1,长城汽车,25.09,交运设备,保定市,0.13,0.74,9.8277,7.56,85.59,62.09,1557.9,25.09,-0.16
72,601628.SH,601628,1,中国人寿,38.89,金融,北京市,0.27,1.45,18.53,7.83,282.65,208.24,8098.27,38.89,-0.84
73,601618.SH,601618,1,中国中冶,3.48,建筑,北京市,0.1,0.09,4.9957,1.72,207.24,178.53,621.27,3.48,0.0
74,601607.SH,601607,1,上海医药,18.13,医药生物,上海市,0.06,1.2,20.2504,6.03,37.08,27.89,505.68,18.13,0.67
75,601601.SH,601601,1,中国太保,37.0,金融,上海市,0.53,2.9,29.3,9.6,96.2,68.45,2532.67,37.0,-0.86
76,601600.SH,601600,1,中国铝业,8.07,有色金属,北京市,0.27,0.413,4.1761,9.89,171.56,131.66,1062.47,8.07,0.37
77,601398.SH,601398,1,工商银行,7.43,金融,北京市,1.09,0.46,10.52,4.41,3564.06,2696.12,20032.19,7.43,-0.67
78,601390.SH,601390,1,中国中铁,5.61,建筑,北京市,0.24,0.412,12.5485,3.28,247.41,204.75,1148.64,5.61,0.18
79,601377.SH,601377,1,兴业证券,6.45,金融,福州市,0.19,0.15,6.389,2.31,86.36,86.36,557.02,6.45,0.0
80,601360.SH,601360,1,三六零,10.84,信息技术,天津市,0.16,-0.04,4.2234,-0.94,70.0,70.0,758.75,10.84,-0.37
81,601336.SH,601336,1,新华保险,62.19,金融,北京市,0.22,4.74,26.73,15.93,31.2,20.85,1296.93,62.19,-2.05
82,601328.SH,601328,1,交通银行,7.1,金融,上海市,0.79,0.59,12.6657,4.58,883.64,260.72,1851.14,7.1,-0.42
83,601319.SH,601319,1,中国人保,8.15,金融,北京市,0.11,0.6,6.447,9.5,442.24,354.98,2893.07,8.15,-0.97
84,601318.SH,601318,1,中国平安,57.33,金融,深圳市,2.58,3.87,51.84,7.2,181.08,106.6,6111.42,57.33,-0.61
85,601298.SH,601298,1,青岛港,8.52,交通运输,青岛市,0.02,0.44,6.7822,6.47,64.91,53.92,459.4,8.52,0.71
86,601288.SH,601288,1,农业银行,7.16,金融,北京市,0.96,0.37,7.65,5.08,3499.83,3192.44,22857.89,7.16,-1.1
87,601238.SH,601238,1,广汽集团,7.81,交运设备,广州市,0.07,-0.25,10.913,-2.25,101.97,73.84,576.67,7.81,1.03
88,601236.SH,601236,1,红塔证券,8.95,金融,昆明市,0.05,0.14,5.3422,2.69,47.17,47.17,422.15,8.95,-0.11
89,601229.SH,601229,1,上海银行,9.27,金融,上海市,0.39,0.93,17.14,5.5,142.09,142.09,1317.17,9.27,-0.43
90,601225.SH,601225,1,陕西煤业,20.39,化石能源,西安市,0.33,0.79,9.1762,8.02,96.95,96.95,1976.81,20.39,0.79
91,601211.SH,601211,1,国泰海通,19.52,金融,上海市,0.92,1.11,17.77,6.25,176.29,134.94,2634.03,19.52,-0.15
92,601186.SH,601186,1,中国铁建,8.02,建筑,北京市,0.15,0.7,19.8223,3.55,135.8,115.03,922.56,8.02,0.0
93,601169.SH,601169,1,北京银行,5.88,金融,北京市,0.37,0.69,13.02,5.32,211.43,211.43,1243.21,5.88,-1.18
94,601166.SH,601166,1,兴业银行,21.07,金融,福州市,1.48,1.91,37.48,5.06,211.63,211.63,4459.01,21.07,-1.63
95,601138.SH,601138,1,工业富联,59.9,信息技术,深圳市,1.02,0.61,7.6372,7.64,198.59,198.58,11895.05,59.9,-3.23
96,601136.SH,601136,1,首创证券,21.22,金融,北京市,0.05,0.18,5.0225,3.6,27.33,4.81,102.17,21.22,-0.89
97,601127.SH,601127,1,赛力斯,142.5,交运设备,重庆市,0.47,1.87,16.384,15.87,16.33,15.1,2151.44,142.5,3.04
98,601117.SH,601117,1,中国化学,7.5,建筑,北京市,0.11,0.51,10.72,4.86,61.07,60.42,453.13,7.5,-0.4
99,601111.SH,601111,1,中国国航,7.79,交通运输,北京市,0.12,-0.11,2.4439,-4.11,174.48,116.38,906.61,7.79,-0.26
100,601100.SH,601100,1,恒立液压,91.0,机械设备,常州市,0.19,1.07,12.2168,8.64,13.41,13.41,1220.15,91.0,5.37
101,601088.SH,601088,1,中国神华,38.19,化石能源,北京市,0.52,1.24,20.2085,6.0,198.69,164.91,6297.93,38.19,1.14
102,601077.SH,601077,1,渝农商行,6.37,金融,重庆市,0.17,0.67,11.52,5.97,113.57,88.38,562.96,6.37,-1.7
103,601066.SH,601066,1,中信建投,26.43,金融,北京市,0.14,0.52,14.15,5.1,77.57,64.96,1716.81,26.43,0.0
104,601059.SH,601059,1,信达证券,19.28,金融,北京市,0.08,0.3,6.2462,4.94,32.43,6.92,133.34,19.28,0.73
105,601058.SH,601058,1,赛轮轮胎,14.88,基础化工,青岛市,0.16,0.56,6.2486,8.97,32.88,32.88,489.27,14.88,-0.93
106,601021.SH,601021,1,春秋航空,52.46,交通运输,上海市,0.11,1.2,17.9163,6.56,9.78,9.78,513.23,52.46,-1.3
107,601012.SH,601012,1,隆基绿能,17.16,电气设备,西安市,0.43,-0.34,7.6285,-4.31,75.78,75.78,1300.39,17.16,0.23
108,601009.SH,601009,1,南京银行,11.04,金融,南京市,0.34,1.13,14.5,7.66,123.64,123.64,1364.94,11.04,0.0
109,601006.SH,601006,1,大秦铁路,6.1,交通运输,大同市,0.31,0.21,8.1382,2.55,201.47,201.47,1228.98,6.1,0.0
110,600999.SH,600999,1,招商证券,17.9,金融,深圳市,0.28,0.56,13.2808,4.18,86.97,74.22,1328.54,17.9,-1.21
111,600989.SH,600989,1,宝丰能源,17.3,基础化工,银川市,0.16,0.78,6.0962,12.74,73.33,73.33,1268.67,17.3,-0.06
112,600958.SH,600958,1,东方证券,10.78,金融,上海市,0.24,0.4,9.3957,4.27,84.97,74.69,805.21,10.78,-1.1
113,600941.SH,600941,1,中国移动,107.39,信息技术,香港特别行政区,0.4,3.9,64.5197,6.1,216.21,9.03,969.48,107.39,-0.33
114,600938.SH,600938,1,中国海油,26.27,化石能源,香港特别行政区,0.26,1.46,16.5468,8.9,475.3,29.9,785.47,26.27,-0.11
115,600926.SH,600926,1,杭州银行,15.66,金融,杭州市,0.33,1.75,18.03,9.5,72.49,72.49,1135.19,15.66,-0.38
116,600919.SH,600919,1,江苏银行,10.42,金融,南京市,0.64,1.03,13.59,7.82,183.51,183.51,1912.21,10.42,-1.04
117,600918.SH,600918,1,中泰证券,6.97,金融,济南市,0.08,0.09,5.4417,1.67,69.22,39.26,273.63,6.97,-0.29
118,600905.SH,600905,1,三峡能源,4.29,公用事业,北京市,0.26,0.1333,3.0988,4.3,285.88,285.88,1226.41,4.29,0.0
119,600900.SH,600900,1,长江电力,27.8,公用事业,北京市,1.42,0.5336,8.4404,6.09,244.68,240.07,6674.02,27.8,-0.47
120,600893.SH,600893,1,航发动力,37.48,国防与装备,西安市,0.21,0.03,14.9127,0.23,26.66,26.65,998.89,37.48,-0.9
121,600887.SH,600887,1,伊利股份,28.23,食品饮料,呼和浩特市,0.74,1.14,8.4264,12.6,63.25,62.94,1776.78,28.23,-0.07
122,600886.SH,600886,1,国投电力,13.75,公用事业,北京市,0.14,0.4763,7.9438,5.93,80.04,74.54,1024.95,13.75,-1.08
123,600875.SH,600875,1,东方电气,19.45,电气设备,成都市,0.1,0.6,12.506,4.74,33.9,20.24,393.59,19.45,0.36
124,600845.SH,600845,1,宝信软件,23.66,信息技术,上海市,0.09,0.25,3.6732,6.3,28.71,21.34,504.84,23.66,-1.5
125,600809.SH,600809,1,山西汾酒,207.85,食品饮料,吕梁市,0.42,6.9716,29.4015,23.77,12.2,12.2,2535.7,207.85,0.77
126,600803.SH,600803,1,新奥股份,18.98,公用事业,石家庄市,0.07,0.78,7.4672,9.68,30.97,30.76,583.89,18.98,-0.78
127,600795.SH,600795,1,国电电力,5.18,公用事业,大连市,0.19,0.207,3.2517,6.36,178.36,178.36,923.89,5.18,0.19
128,600760.SH,600760,1,中航沈飞,58.39,国防与装备,威海市,0.27,0.41,6.392,6.43,28.35,27.48,1604.67,58.39,0.24
129,600741.SH,600741,1,华域汽车,20.14,交运设备,上海市,0.13,0.915,19.8894,4.53,31.53,31.53,634.96,20.14,-0.84
130,600690.SH,600690,1,海尔智家,26.0,家电,青岛市,0.41,1.3,12.2451,10.34,93.83,62.55,1626.17,26.0,-0.73
131,600674.SH,600674,1,川投能源,14.42,公用事业,成都市,0.12,0.5049,8.7445,5.72,48.75,48.75,702.92,14.42,-0.76
132,600660.SH,600660,1,福耀玻璃,71.35,交运设备,福州市,0.47,1.84,13.6606,13.18,26.1,20.03,1429.13,71.35,0.42
133,600600.SH,600600,1,青岛啤酒,67.61,食品饮料,青岛市,0.1,2.862,21.9637,12.8,13.64,7.09,479.44,67.61,-0.43
134,600588.SH,600588,1,用友网络,14.81,互联网,北京市,0.13,-0.28,2.2091,-12.18,34.17,34.17,506.06,14.81,-1.46
135,600585.SH,600585,1,海螺水泥,23.79,建材,芜湖市,0.24,0.83,35.6818,2.3,52.99,40.0,951.53,23.79,-0.13
136,600584.SH,600584,1,长电科技,37.82,电子设备,无锡市,0.23,0.26,15.5797,1.69,17.89,17.89,676.76,37.82,-0.16
137,600570.SH,600570,1,恒生电子,34.48,信息技术,杭州市,0.22,0.14,4.6177,2.98,18.92,18.92,652.28,34.48,-1.49
138,600547.SH,600547,1,山东黄金,37.99,有色金属,济南市,0.29,0.57,5.9678,9.81,46.1,36.14,1373.13,37.99,0.0
139,600519.SH,600519,1,贵州茅台,1515.1,食品饮料,遵义市,3.96,36.18,189.9753,17.89,12.52,12.52,18973.15,1515.1,-0.06
140,600515.SH,600515,1,海南机场,3.98,交通运输,海口市,0.1,0.0112,2.0579,0.54,114.25,91.76,365.21,3.98,-0.5
141,600489.SH,600489,1,中金黄金,19.06,有色金属,北京市,0.23,0.56,5.8337,9.36,48.47,48.47,923.9,19.06,-1.24
142,600482.SH,600482,1,中国动力,22.21,国防与装备,保定市,0.1,0.41,17.6299,2.32,22.53,22.53,500.36,22.21,0.5
143,600460.SH,600460,1,士兰微,30.37,电子设备,杭州市,0.15,0.16,7.3921,2.16,16.64,16.64,505.38,30.37,1.3
144,600438.SH,600438,1,通威股份,22.16,电气设备,成都市,0.25,-1.1007,9.3263,-10.72,45.02,45.02,997.64,22.16,-0.31
145,600436.SH,600436,1,片仔癀,202.02,医药生物,漳州市,0.26,2.39,24.2402,9.62,6.03,6.03,1218.82,202.02,-0.6
146,600426.SH,600426,1,华鲁恒升,26.28,基础化工,德州市,0.16,0.739,15.0556,4.96,21.23,21.19,556.92,26.28,-0.68
147,600415.SH,600415,1,小商品城,19.86,商贸零售,金华市,0.23,0.31,3.7188,8.03,54.84,54.83,1088.9,19.86,0.51
148,600406.SH,600406,1,国电南瑞,22.44,电气设备,南京市,0.37,0.37,6.0687,5.87,80.32,79.96,1794.38,22.44,0.9
149,600377.SH,600377,1,宁沪高速,12.91,交通运输,南京市,0.03,0.4811,7.9686,5.97,50.38,38.02,490.86,12.91,-0.69
150,600372.SH,600372,1,中航机载,12.15,国防与装备,北京市,0.12,0.1326,7.8455,1.7,48.39,48.39,587.93,12.15,-1.46
151,600362.SH,600362,1,江西铜业,30.28,有色金属,鹰潭市,0.13,1.21,23.0598,5.29,34.63,20.75,628.38,30.28,-2.23
152,600346.SH,600346,1,恒力石化,16.89,化石能源,大连市,0.15,0.43,8.976,4.74,70.39,70.39,1188.9,16.89,-0.41
153,600332.SH,600332,1,白云山,25.75,医药生物,广州市,0.08,1.548,23.23,6.77,16.26,14.06,362.02,25.75,-0.16
154,600309.SH,600309,1,万华化学,67.74,基础化工,烟台市,0.53,1.95,31.7715,6.24,31.3,31.3,2120.58,67.74,-0.07
155,600276.SH,600276,1,恒瑞医药,69.1,医药生物,连云港市,1.28,0.7,8.8087,9.42,66.37,63.79,4407.89,69.1,0.13
156,600233.SH,600233,1,圆通速递,19.59,交通运输,大连市,0.13,0.5311,9.3633,5.62,34.2,34.2,670.02,19.59,6.41
157,600219.SH,600219,1,南山铝业,3.98,有色金属,烟台市,0.12,0.23,4.4527,5.13,116.14,116.14,462.22,3.98,-1.0
158,600196.SH,600196,1,复星医药,32.03,医药生物,上海市,0.17,0.64,17.7491,3.58,26.7,21.18,678.55,32.03,1.62
159,600188.SH,600188,1,兖矿能源,13.39,化石能源,济宁市,0.1,0.4634,5.9452,5.57,100.37,59.24,793.21,13.39,1.9
160,600183.SH,600183,1,生益科技,53.76,电子设备,东莞市,0.27,0.59,6.2498,9.35,24.29,23.95,1287.28,53.76,1.17
161,600176.SH,600176,1,中国巨石,15.36,基础化工,嘉兴市,0.16,0.4214,7.6861,5.49,40.03,40.03,614.88,15.36,-1.35
162,600161.SH,600161,1,天坛生物,19.51,医药生物,北京市,0.1,0.32,5.853,5.54,19.77,19.77,385.79,19.51,-1.12
163,600160.SH,600160,1,巨化股份,36.8,基础化工,衢州市,0.21,0.76,7.1257,10.86,27.0,27.0,993.51,36.8,-1.31
164,600150.SH,600150,1,中国船舶,38.51,国防与装备,上海市,0.71,0.659,11.7941,5.63,44.72,44.72,1722.33,38.51,1.29
165,600115.SH,600115,1,中国东航,3.98,交通运输,上海市,0.14,-0.06,0.5897,-9.94,222.91,171.15,681.16,3.98,-1.24
166,600111.SH,600111,1,北方稀土,52.26,有色金属,包头市,0.56,0.2576,6.4356,4.06,36.15,36.15,1889.23,52.26,-2.48
167,600104.SH,600104,1,上汽集团,18.76,交运设备,上海市,0.36,0.525,25.5108,2.06,114.95,114.95,2156.51,18.76,1.13
168,600089.SH,600089,1,特变电工,14.86,电气设备,昌吉回族自治州,0.31,0.6342,13.1185,4.83,50.53,50.53,750.84,14.86,0.2
169,600085.SH,600085,1,同仁堂,35.03,医药生物,北京市,0.1,0.689,9.7935,6.99,13.71,13.71,480.43,35.03,-0.43
170,600066.SH,600066,1,宇通客车,28.57,交运设备,郑州市,0.16,0.87,5.9496,13.79,22.14,22.14,632.52,28.57,-1.14
171,600061.SH,600061,1,国投资本,7.69,金融,上海市,0.08,0.26,8.2238,3.22,63.94,63.94,491.7,7.69,-0.65
172,600050.SH,600050,1,中国联通,5.58,信息技术,北京市,0.37,0.203,5.4223,3.73,312.64,307.67,1716.79,5.58,-1.76
173,600048.SH,600048,1,保利发展,7.96,房地产,广州市,0.24,0.23,16.1825,1.36,119.7,119.7,952.85,7.96,1.14
174,600039.SH,600039,1,四川路桥,8.65,建筑,成都市,0.09,0.32,5.4661,5.63,86.96,67.16,580.9,8.65,-0.12
175,600036.SH,600036,1,招商银行,42.22,金融,深圳市,2.19,2.89,42.1,6.93,252.2,206.29,8709.54,42.22,-0.75
176,600031.SH,600031,1,三一重工,20.66,机械设备,北京市,0.52,0.6175,8.6709,6.99,84.74,84.74,1750.81,20.66,-2.18
177,600030.SH,600030,1,中信证券,29.59,金融,深圳市,1.21,0.89,18.3307,4.91,148.21,121.77,3603.04,29.59,-0.64
178,600029.SH,600029,1,南方航空,6.03,交通运输,广州市,0.14,-0.08,1.8319,-4.51,181.21,126.73,764.2,6.03,-0.5
179,600028.SH,600028,1,中国石化,5.52,化石能源,北京市,0.34,0.177,6.8246,2.61,1211.78,948.42,5235.27,5.52,-0.18
180,600027.SH,600027,1,华电国际,5.39,公用事业,济南市,0.09,0.33,4.0962,7.67,116.12,85.1,458.71,5.39,-0.74
181,600026.SH,600026,1,中远海能,12.52,交通运输,上海市,0.07,0.3919,7.6916,5.08,47.71,34.75,435.04,12.52,3.56
182,600025.SH,600025,1,华能水电,9.3,公用事业,昆明市,0.07,0.25,3.3343,7.22,180.0,180.0,1674.0,9.3,-1.06
183,600023.SH,600023,1,浙能电力,5.11,公用事业,杭州市,0.09,0.26,5.4994,4.69,134.09,134.09,685.19,5.11,-0.39
184,600019.SH,600019,1,宝钢股份,7.01,钢铁,上海市,0.26,0.23,9.2994,2.42,217.82,217.82,1526.92,7.01,-0.28
185,600018.SH,600018,1,上港集团,5.59,交通运输,上海市,0.06,0.3459,5.8677,5.88,232.81,232.15,1297.69,5.59,0.18
186,600016.SH,600016,1,民生银行,4.33,金融,北京市,0.45,0.45,12.87,3.57,437.82,354.62,1535.51,4.33,-1.14
187,600015.SH,600015,1,华夏银行,7.11,金融,北京市,0.19,0.66,19.21,3.42,159.15,153.87,1094.03,7.11,-0.84
188,600011.SH,600011,1,华能国际,7.65,公用事业,保定市,0.14,0.5,3.9481,12.71,156.98,109.98,841.32,7.65,-1.42
189,600010.SH,600010,1,包钢股份,2.51,钢铁,包头市,0.24,0.0033,1.1492,0.29,452.89,313.81,787.66,2.51,-0.4
190,600009.SH,600009,1,上海机场,32.08,交通运输,上海市,0.17,0.42,16.8661,2.48,24.88,19.19,615.52,32.08,0.0
191,600000.SH,600000,1,浦发银行,13.43,金融,上海市,0.66,0.99,22.57,4.33,304.97,304.97,4095.75,13.43,-1.25
192,302132.SZ,302132,1,中航成飞,81.61,国防与装备,汉中市,0.1,0.3416,6.9743,4.72,26.72,5.86,478.29,81.61,-1.6
193,301269.SZ,301269,1,华大九天,117.69,信息技术,北京市,0.11,0.0057,9.2677,0.06,5.43,5.43,638.99,117.69,-0.01
194,301236.SZ,301236,1,软通动力,55.91,信息技术,北京市,0.13,-0.15,10.6394,-1.37,9.53,6.8,380.34,55.91,1.3
195,300999.SZ,300999,1,金龙鱼,33.52,农林牧渔,上海市,0.08,0.32,17.5248,1.86,54.22,5.43,181.9,33.52,1.12
196,300979.SZ,300979,1,华利集团,53.75,纺织服装,中山市,0.03,1.43,13.8426,9.44,11.67,11.67,627.26,53.75,-0.41
197,300896.SZ,300896,1,爱美客,194.07,医药生物,北京市,0.12,2.62,24.6409,10.1,3.03,2.09,404.81,194.07,-0.43
198,300832.SZ,300832,1,新产业,68.6,医药生物,深圳市,0.11,0.9814,10.5776,8.77,7.86,6.82,467.85,68.6,0.35
199,300782.SZ,300782,1,卓胜微,80.43,电子设备,无锡市,0.12,-0.2757,18.742,-1.46,5.35,4.48,360.53,80.43,0.54
200,300760.SZ,300760,1,迈瑞医疗,239.6,医药生物,深圳市,0.61,4.184,32.2,13.26,12.12,12.12,2904.92,239.6,-0.58
201,300759.SZ,300759,1,康龙化成,35.9,医药生物,北京市,0.12,0.3984,8.0227,4.97,17.78,14.19,509.56,35.9,6.37
202,300750.SZ,300750,1,宁德时代,354.7,电气设备,宁德市,3.57,6.92,64.6859,11.63,45.6,42.53,15084.24,354.7,9.14
203,300661.SZ,300661,1,圣邦股份,87.42,电子设备,北京市,0.13,0.3258,7.6356,4.32,6.18,5.93,518.15,87.42,20.0
204,300628.SZ,300628,1,亿联网络,37.85,信息技术,厦门市,0.08,0.9808,6.7906,13.33,12.67,7.26,274.61,37.85,-0.53
205,300502.SZ,300502,1,新易盛,350.3,信息技术,成都市,1.48,3.97,12.1876,38.12,9.94,8.85,3101.53,350.3,-2.15
206,300498.SZ,300498,1,温氏股份,20.06,农林牧渔,云浮市,0.43,0.5252,6.2094,8.26,66.54,59.63,1196.12,20.06,2.92
207,300442.SZ,300442,1,润泽科技,53.2,信息技术,廊坊市,0.15,0.51,6.2011,8.47,16.34,16.28,866.29,53.2,-2.31
208,300433.SZ,300433,1,蓝思科技,30.37,电子设备,长沙市,0.24,0.23,9.5895,2.35,52.84,49.66,1508.19,30.37,2.98
209,300418.SZ,300418,1,昆仑万维,41.87,互联网,北京市,0.15,-0.69,11.0522,-6.19,12.55,12.54,525.26,41.87,1.14
210,300413.SZ,300413,1,芒果超媒,31.91,互联网,长沙市,0.09,0.41,12.2299,3.35,18.71,10.22,326.02,31.91,8.87
211,300408.SZ,300408,1,三环集团,41.4,电子设备,潮州市,0.24,0.65,10.5828,6.04,19.16,18.7,774.1,41.4,-2.77
212,300394.SZ,300394,1,天孚通信,181.05,电子设备,苏州市,0.36,1.158,6.0291,20.13,7.77,7.76,1404.68,181.05,-2.48
213,300347.SZ,300347,1,泰格医药,61.77,医药生物,杭州市,0.13,0.45,23.8372,1.86,8.61,5.66,349.75,61.77,1.25
214,300316.SZ,300316,1,晶盛机电,38.07,电气设备,绍兴市,0.1,0.49,13.0951,3.79,13.1,12.32,468.85,38.07,8.49
215,300308.SZ,300308,1,中际旭创,408.02,信息技术,烟台市,1.56,3.64,20.5364,18.84,11.11,11.06,4510.66,408.02,-3.33
216,300274.SZ,300274,1,阳光电源,136.67,电气设备,合肥市,0.81,3.73,20.5171,19.18,20.73,15.9,2172.66,136.67,2.05
217,300124.SZ,300124,1,汇川技术,80.15,机械设备,深圳市,0.63,1.1,11.2176,10.06,26.97,23.63,1894.12,80.15,0.59
218,300122.SZ,300122,1,智飞生物,21.9,医药生物,重庆市,0.11,-0.2494,12.63,-1.96,23.94,14.14,309.73,21.9,-0.68
219,300059.SZ,300059,1,东方财富,27.21,互联网,上海市,1.42,0.3526,5.4152,6.69,158.04,133.76,3639.71,27.21,0.96
220,300033.SZ,300033,1,同花顺,370.88,互联网,杭州市,0.33,0.93,12.754,6.77,5.38,2.76,1021.8,370.88,1.58
221,300015.SZ,300015,1,爱尔眼科,12.91,医药生物,长沙市,0.25,0.2219,2.3241,9.46,93.25,79.31,1023.89,12.91,0.16
222,300014.SZ,300014,1,亿纬锂能,73.92,电气设备,惠州市,0.38,0.78,18.8271,4.2,20.46,18.61,1375.97,73.92,0.15
223,003816.SZ,003816,1,中国广核,3.73,公用事业,深圳市,0.12,0.118,2.3901,4.88,504.99,393.35,1467.19,3.73,0.27
224,002938.SZ,002938,1,鹏鼎控股,54.3,电子设备,深圳市,0.16,0.53,13.4741,3.76,23.18,23.07,1252.58,54.3,-2.6
225,002920.SZ,002920,1,德赛西威,127.64,交运设备,惠州市,0.14,2.21,17.3651,12.68,5.55,5.53,706.02,127.64,6.69
226,002916.SZ,002916,1,深南电路,187.85,电子设备,深圳市,0.22,2.04,22.8239,9.04,6.67,6.65,1249.24,187.85,-3.85
227,002736.SZ,002736,1,国信证券,13.95,金融,深圳市,0.18,0.49,9.2412,5.26,102.42,96.12,1340.93,13.95,-0.92
228,002714.SZ,002714,1,牧原股份,58.77,农林牧渔,南阳市,0.65,1.96,14.1732,13.79,54.63,38.11,2239.49,58.77,2.14
229,002709.SZ,002709,1,天赐材料,30.84,有色金属,广州市,0.16,0.14,6.7358,2.04,19.14,13.85,427.1,30.84,9.99
230,002648.SZ,002648,1,卫星化学,19.67,基础化工,嘉兴市,0.14,0.81,9.2366,8.61,33.69,33.66,662.19,19.67,-1.26
231,002601.SZ,002601,1,龙佰集团,19.62,基础化工,焦作市,0.13,0.58,9.7395,5.84,23.86,19.88,390.01,19.62,5.09
232,002600.SZ,002600,1,领益智造,14.67,电子设备,江门市,0.17,0.13,2.9077,4.59,70.08,69.0,1012.18,14.67,2.23
233,002594.SZ,002594,1,比亚迪,108.7,交运设备,深圳市,1.2,1.71,69.2493,7.43,91.17,34.87,3790.63,108.7,2.63
234,002493.SZ,002493,1,荣盛石化,9.55,基础化工,杭州市,0.12,0.06,4.2935,1.37,99.89,93.62,894.09,9.55,-0.73
235,002475.SZ,002475,1,立讯精密,52.74,电子设备,深圳市,1.11,0.92,10.2355,9.13,72.52,72.39,3817.78,52.74,0.06
236,002466.SZ,002466,1,天齐锂业,45.31,有色金属,遂宁市,0.19,0.05,25.5364,0.2,16.41,14.76,668.71,45.31,2.91
237,002463.SZ,002463,1,沪电股份,68.94,电子设备,苏州市,0.4,0.8754,6.622,13.37,19.24,19.22,1325.32,68.94,-4.12
238,002460.SZ,002460,1,赣锋锂业,48.66,有色金属,新余市,0.22,-0.27,19.9392,-1.29,20.57,12.08,587.73,48.66,4.49
239,002459.SZ,002459,1,晶澳科技,13.26,电气设备,邢台市,0.11,-0.79,7.3376,-9.79,33.1,33.05,438.3,13.26,-0.23
240,002422.SZ,002422,1,科伦药业,37.55,医药生物,成都市,0.17,0.63,14.8175,4.35,15.98,13.06,490.36,37.55,0.75
241,002415.SZ,002415,1,海康威视,30.49,信息技术,杭州市,0.47,0.615,8.5076,6.85,91.65,90.46,2758.26,30.49,-0.85
242,002371.SZ,002371,1,北方华创,380.0,电子设备,北京市,0.68,4.4496,46.8302,9.81,7.22,7.21,2739.89,380.0,0.79
243,002352.SZ,002352,1,顺丰控股,41.66,交通运输,深圳市,0.42,1.16,19.1079,6.07,50.39,47.72,1988.02,41.66,-0.14
244,002311.SZ,002311,1,海大集团,67.35,农林牧渔,广州市,0.22,1.59,14.6675,10.7,16.64,16.63,1119.71,67.35,3.62
245,002304.SZ,002304,1,洋河股份,72.13,食品饮料,宿迁市,0.18,2.8834,32.4827,8.54,15.06,15.06,1086.57,72.13,-0.7
246,002252.SZ,002252,1,上海莱士,6.84,医药生物,上海市,0.15,0.155,4.8823,3.19,66.38,66.34,453.8,6.84,0.15
247,002241.SZ,002241,1,歌尔股份,34.11,电子设备,潍坊市,0.33,0.41,9.7058,4.21,35.01,30.93,1055.15,34.11,5.47
248,002236.SZ,002236,1,大华股份,18.38,信息技术,杭州市,0.15,0.76,11.2997,6.72,32.87,21.16,388.91,18.38,-0.97
249,002230.SZ,002230,1,科大讯飞,51.6,信息技术,合肥市,0.49,-0.1034,7.728,-1.35,23.12,21.89,1129.57,51.6,0.25
250,002180.SZ,002180,1,纳思达,22.51,信息技术,珠海市,0.09,-0.2193,6.8138,-3.12,14.22,13.65,307.28,22.51,-1.44
251,002179.SZ,002179,1,中航光电,38.9,电子设备,洛阳市,0.21,0.7037,11.0529,5.96,21.18,20.81,809.4,38.9,-1.04
252,002142.SZ,002142,1,宁波银行,27.84,金融,宁波市,0.39,2.24,33.31,6.9,66.04,66.0,1837.41,27.84,-1.24
253,002129.SZ,002129,1,TCL中环,8.5,电气设备,天津市,0.11,-1.0624,6.6003,-14.74,40.43,40.4,343.4,8.5,0.59
254,002074.SZ,002074,1,国轩高科,45.96,电气设备,合肥市,0.21,0.2,14.5638,1.4,18.05,17.28,793.98,45.96,-2.67
255,002050.SZ,002050,1,三花智控,35.66,机械设备,绍兴市,0.32,0.57,7.0091,10.39,42.09,36.84,1313.83,35.66,3.36
256,002049.SZ,002049,1,紫光国微,78.64,电子设备,唐山市,0.22,0.8206,14.9501,5.44,8.5,8.49,667.99,78.64,0.4
257,002028.SZ,002028,1,思源电气,93.22,电气设备,上海市,0.24,1.66,17.1841,9.89,7.78,6.07,565.65,93.22,-0.24
258,002027.SZ,002027,1,分众传媒,8.11,互联网,上海市,0.34,0.1845,1.132,14.52,144.42,144.42,1171.26,8.11,-0.61
259,002001.SZ,002001,1,新和成,24.65,医药生物,绍兴市,0.16,1.17,9.9189,11.87,30.73,30.37,748.59,24.65,-2.14
260,001979.SZ,001979,1,招商蛇口,9.7,房地产,深圳市,0.14,0.14,10.8552,1.26,90.61,84.58,820.47,9.7,2.54
261,001965.SZ,001965,1,招商公路,10.04,交通运输,天津市,0.09,0.3684,9.5611,3.7,68.2,68.2,684.76,10.04,-0.3
262,001391.SZ,001391,1,国货航,6.73,交通运输,北京市,0.02,0.1,2.0886,4.88,122.09,8.59,57.79,6.73,0.0
263,001289.SZ,001289,1,龙源电力,17.31,公用事业,北京市,0.01,0.4037,8.9506,4.51,83.6,50.42,872.76,17.31,-0.52
264,000999.SZ,000999,1,华润三九,29.3,医药生物,深圳市,0.08,1.09,12.7817,8.8,16.64,16.63,487.17,29.3,-0.68
265,000983.SZ,000983,1,山西焦煤,7.23,化石能源,太原市,0.08,0.1786,6.4342,2.79,56.77,46.4,335.49,7.23,4.03
266,000977.SZ,000977,1,浪潮信息,63.77,信息技术,济南市,0.27,0.5425,13.8753,3.96,14.72,14.7,937.73,63.77,-0.48
267,000975.SZ,000975,1,山金国际,21.0,有色金属,锡林郭勒盟,0.15,0.5747,4.8882,11.72,27.77,25.27,530.76,21.0,-1.55
268,000963.SZ,000963,1,华东医药,42.68,医药生物,杭州市,0.16,1.0293,13.541,7.62,17.54,17.52,747.73,42.68,-0.54
269,000938.SZ,000938,1,紫光股份,28.76,信息技术,北京市,0.24,0.3639,4.9331,7.54,28.6,28.6,822.56,28.76,-1.78
270,000895.SZ,000895,1,双汇发展,25.58,食品饮料,漯河市,0.11,0.6705,6.0158,10.85,34.65,34.64,886.15,25.58,-0.51
271,000876.SZ,000876,1,新希望,10.52,农林牧渔,绵阳市,0.1,0.16,4.9685,2.94,45.03,44.99,473.29,10.52,1.54
272,000858.SZ,000858,1,五粮液,126.65,食品饮料,宜宾市,1.03,5.0216,36.1903,13.63,38.82,38.81,4915.85,126.65,-0.42
273,000807.SZ,000807,1,云铝股份,20.73,有色金属,昆明市,0.18,0.8,8.8462,9.38,34.68,34.68,718.9,20.73,-0.38
274,000800.SZ,000800,1,一汽解放,7.18,交运设备,长春市,0.03,0.004,5.3118,0.08,49.21,49.21,353.32,7.18,0.84
275,000792.SZ,000792,1,盐湖股份,20.44,基础化工,海西蒙古族藏族自治州,0.31,0.4753,7.3848,7.12,52.92,52.92,1081.59,20.44,0.89
276,000786.SZ,000786,1,北新建材,25.28,建材,北京市,0.11,1.142,15.4783,7.24,17.0,16.35,413.32,25.28,-0.12
277,000776.SZ,000776,1,广发证券,21.23,金融,广州市,0.26,0.79,16.3489,4.83,76.06,59.04,1253.43,21.23,0.81
278,000768.SZ,000768,1,中航西飞,24.91,国防与装备,西安市,0.15,0.2481,7.7214,3.8,27.81,27.73,690.69,24.91,-0.64
279,000725.SZ,000725,1,京东方A,4.16,电子设备,北京市,0.64,0.09,3.5546,2.45,374.14,367.06,1526.97,4.16,-0.24
280,000708.SZ,000708,1,中信特钢,13.02,钢铁,黄石市,0.06,0.55,8.1047,6.66,50.47,50.47,657.14,13.02,-1.29
281,000661.SZ,000661,1,长春高新,126.81,医药生物,长春市,0.17,2.44,55.9826,4.19,4.08,4.0,506.76,126.81,0.88
282,000651.SZ,000651,1,格力电器,40.94,家电,珠海市,0.77,2.6,24.1717,10.09,56.01,55.15,2257.9,40.94,-0.27
283,000630.SZ,000630,1,铜陵有色,4.66,有色金属,铜陵市,0.15,0.11,2.6304,4.2,130.83,108.17,504.05,4.66,-1.69
284,000625.SZ,000625,1,长安汽车,12.53,交运设备,重庆市,0.26,0.23,7.6701,3.0,99.14,82.61,1035.04,12.53,0.64
285,000617.SZ,000617,1,中油资本,10.9,金融,克拉玛依市,0.12,0.21,8.1692,2.52,126.42,126.42,1377.99,10.9,-2.15
286,000596.SZ,000596,1,古井贡酒,168.08,食品饮料,亳州市,0.12,6.93,47.6032,13.82,5.29,4.09,686.77,168.08,-1.48
287,000568.SZ,000568,1,泸州老窖,139.1,食品饮料,泸州市,0.43,5.21,31.6183,15.42,14.72,14.69,2043.61,139.1,0.07
288,000538.SZ,000538,1,云南白药,59.01,医药生物,昆明市,0.22,2.04,22.6461,9.09,17.84,17.73,1046.13,59.01,0.03
289,000425.SZ,000425,1,徐工机械,9.76,机械设备,徐州市,0.33,0.37,5.1414,7.15,117.53,92.89,906.62,9.76,0.62
290,000408.SZ,000408,1,藏格矿业,56.77,基础化工,海西蒙古族藏族自治州,0.18,1.1526,10.0134,12.27,15.7,15.7,891.41,56.77,0.82
291,000338.SZ,000338,1,潍柴动力,14.24,交运设备,潍坊市,0.32,0.65,10.2725,6.29,87.16,49.85,709.89,14.24,-0.77
292,000333.SZ,000333,1,美的集团,75.17,家电,佛山市,1.55,3.41,28.1901,11.29,76.82,69.29,5208.52,75.17,-0.53
293,000301.SZ,000301,1,东方盛虹,10.01,基础化工,苏州市,0.11,0.06,5.0879,1.13,66.11,66.09,661.52,10.01,-0.3
294,000166.SZ,000166,1,申万宏源,5.3,金融,乌鲁木齐市,0.2,0.17,4.332,4.0,250.4,225.36,1194.38,5.3,0.0
295,000157.SZ,000157,1,中联重科,7.28,机械设备,长沙市,0.15,0.32,6.6072,4.95,86.49,70.7,514.73,7.28,0.28
296,000100.SZ,000100,1,TCL科技,4.42,电子设备,惠州市,0.38,0.1014,2.854,3.54,208.01,180.97,799.88,4.42,0.23
297,000063.SZ,000063,1,中兴通讯,43.06,信息技术,深圳市,0.59,1.06,15.64,6.85,47.84,40.27,1734.18,43.06,-2.31
298,000002.SZ,000002,1,万科A,6.97,房地产,深圳市,0.2,-1.01,16.05,-6.07,119.31,97.16,677.23,6.97,0.43
299,000001.SZ,000001,1,平安银行,11.65,金融,深圳市,0.47,1.18,22.68,5.25,194.06,194.06,2260.75,11.65,-0.6
